-7.0237,-2.7803,-1.5966,0.2197,-5.9672
-9.4213,9.1296,7.2426,-4.7139,-5.2615
-9.371,9.4341,6.1217,-3.4081,-7.5911
-2.5985,4.1524,3.1033,1.5943,-8.7513
-0.8058,10.4453,5.617,1.5003,-5.7412
-8.0242,-9.992,5.9137,3.2665,3.8707
-1.9593,7.6045,3.8691,0.3843,-6.9736
-8.7621,10.0654,5.4104,-5.5292,-5.8173
-5.9366,-1.989,-3.1445,-4.9415,-4.9192
-4.3753,-8.2463,5.5297,2.6892,5.9564
-2.537,8.5813,5.124,0.7323,-6.1006
-10.1078,-9.9171,7.0068,0.5415,3.9646
-2.8697,8.4521,5.7063,2.6396,-7.4211
-6.0458,-8.1545,10.571,1.057,5.5532
-5.5097,-10.0431,9.5626,1.6156,4.1294
-7.5261,-5.3403,-1.6703,-2.0855,-4.2995
-7.718,9.3052,8.076,-6.303,-8.9193
-9.9154,8.1267,5.6707,-7.3877,-7.5406
-3.1975,10.6323,4.5821,1.7142,-5.5541
0.3549,6.9164,5.4843,0.9972,-7.6103
-7.1761,-9.0652,7.0312,3.723,5.0518
-9.7029,-9.6614,7.4628,2.2621,2.6199
-6.5047,-4.4926,1.3065,-0.0468,-5.1779
-8.4674,-6.6929,1.6705,-2.3791,-4.6528
-2.065,9.4059,4.6475,1.6213,-9.0027
-4.1386,-3.2422,1.9381,-1.7166,-3.0506
-5.5914,-1.9711,-1.1656,-1.9094,-4.4024
-5.5022,-4.7375,3.3803,-2.523,-6.7092
-6.0855,-0.6208,1.2346,-1.4474,-2.5624
-6.4631,-3.0927,1.9195,-1.4502,-1.3922
-5.9733,-7.5148,6.6454,1.3172,4.5603
-5.3071,-4.0874,1.3453,-2.3472,-4.2489
-2.5613,7.2613,6.3541,3.1011,-5.6931
-2.5685,10.0365,4.6824,2.0178,-5.4722
-4.4866,-4.8106,-3.0903,-1.9794,-2.8052
-2.8479,9.1156,2.5028,1.1566,-6.7132
-7.3439,-9.9666,7.8023,4.033,1.3487
-10.8398,10.5442,4.3347,-6.7024,-5.4688
-7.223,-10.3299,3.48,1.7358,7.7804
-2.3451,10.1029,5.3614,2.309,-8.0653
-7.0469,-10.1942,6.2202,3.8764,5.7984
-4.724,-5.2341,1.018,-1.5489,-2.9051
-2.8917,11.2703,0.6634,3.6104,-5.0105
-6.0035,-5.8737,4.9772,4.4481,4.318
-9.0506,8.3018,7.7857,-4.725,-3.5906
-4.5717,-4.324,-0.0158,-0.6109,-6.2108
-3.4791,7.392,7.1706,3.2956,-6.8916
-9.2447,11.0097,6.9854,-4.3972,-6.8097
-7.5711,-4.9457,-1.5307,-1.4749,-6.7024
-7.2694,-7.7301,8.2466,0.6191,5.7904
-6.8378,-8.852,8.9524,2.7343,4.1239
-5.8574,-5.243,0.7667,0.5938,-3.2962
-4.6813,6.9031,3.5622,1.653,-6.4133
-4.3646,7.0336,5.4228,2.4186,-6.5039
-9.5328,-8.3536,7.1021,1.3232,1.7694
-3.5469,-4.6378,0.9818,-4.0669,-7.7634
-6.06,-3.2247,0.7874,-2.8906,-3.8659
-2.5926,9.4342,2.9516,5.6418,-6.6858
-4.8079,-10.7767,8.3581,1.2678,4.5567
-4.3438,-6.0254,1.374,-2.4663,-6.2983
-2.5846,8.6559,3.2785,1.108,-5.7465
-5.9956,-4.4348,-1.9222,-1.7551,-4.68
-2.02,7.1376,6.0259,1.6958,-7.6637
-6.7733,-1.8803,0.1946,-1.0133,-2.4564
-4.9872,-10.1969,6.3429,1.1288,6.2231
-7.1204,-3.8665,-0.5136,-1.0262,-6.7887
-10.6652,9.0524,8.4184,-5.4621,-7.1603
-7.498,-1.577,-1.8006,1.0834,-4.7344
-8.4778,-9.2962,6.4093,1.7418,4.2464
-4.3375,-9.7723,7.6154,0.9086,2.1814
-7.0862,-8.2526,7.1687,2.4203,3.2873
-7.5913,12.2787,4.8145,-5.6463,-8.3038
-2.3952,9.8224,3.2589,2.2272,-9.0002
-6.8766,-6.9263,-0.0874,-1.8195,-3.2249
-2.7494,-2.1388,1.5794,-1.1934,-2.6647
-1.4863,8.5489,5.1261,1.778,-6.7341
-2.7369,9.8968,5.0614,1.0391,-7.1918
-2.1959,6.0748,2.6476,2.2685,-5.7719
-4.7379,-4.4786,2.5218,0.578,-1.6798
-5.7016,-5.1999,0.6416,-3.2578,-6.8651
-10.6319,8.021,8.5082,-6.3476,-4.7609
-5.4173,-8.0867,7.6079,3.5239,0.1066
-9.6913,7.3457,9.6298,-4.3862,-6.2049
-8.0009,-12.4747,8.6496,3.1276,3.7395
-4.041,10.0768,5.0056,1.1271,-8.8001
-10.008,7.9514,7.4078,-6.8456,-3.1159
-3.0428,-9.6847,7.6003,4.3355,7.1706
-4.8915,-3.2214,-1.2739,-1.1027,-3.1681
-11.8633,11.6136,4.8972,-5.4281,-8.0095
-4.7996,-2.5368,-0.1944,-2.9809,-5.0958
-1.5307,6.6497,6.8547,4.0433,-7.818
-7.569,10.1816,6.502,-2.3446,-5.0299
-5.2809,0.3068,0.3386,-0.7711,-5.2825
-3.9829,8.6773,5.465,0.5207,-6.7216
-9.9726,9.036,6.5562,-5.0341,-5.0517
-8.4256,10.2278,6.9999,-6.126,-4.5627
-4.2012,-4.0854,0.8275,0.491,-5.7234
-7.6995,-8.2506,5.1052,2.2973,4.1385
-7.3808,-7.0786,7.878,1.8613,4.833
-3.8551,9.128,3.6241,3.4358,-7.1002
-6.1291,-8.7637,7.3341,1.0318,5.2097
-2.5617,11.6705,3.6994,4.6918,-5.818
-5.8744,-10.4461,4.9929,3.2491,4.7261
-7.7683,-4.7992,-0.1928,-0.076,-1.6594
-7.1409,-3.3356,1.7518,-2.3799,-8.5468
-6.7621,-2.7759,0.0575,-1.4508,-3.4351
-4.0651,8.7288,3.3265,-0.101,-5.4904
-10.2751,9.1592,6.093,-7.7753,-7.4355
-4.3268,-8.4772,11.226,2.8706,1.5203
-5.052,-9.1585,9.5596,2.2453,3.6558
-7.9672,-5.3935,-0.9595,-1.1953,-5.1149
-9.548,-8.3589,6.5673,1.9,4.683
-4.6099,-7.8921,5.7872,4.8034,5.993
-8.342,-3.2668,-0.5269,0.0906,-2.6847
-6.9061,-4.1007,-0.1014,-3.1371,-4.7753
-9.0596,8.5427,3.9179,-5.3481,-9.2319
-4.1536,6.8542,7.0316,0.7027,-8.3667
-10.097,9.9533,6.4633,-5.0665,-7.1089
-8.8593,7.0772,8.2729,-6.4599,-6.504
-0.2149,8.7773,3.9996,0.455,-9.3619
-10.5066,10.135,6.1118,-5.9623,-5.254
-9.2263,7.6717,7.2283,-6.0599,-3.7303
-0.772,10.2018,5.5761,2.9157,-6.898
-7.0347,-5.0533,2.5214,-2.3416,-5.385
-3.6237,-9.1022,7.5083,2.8495,4.2269
-8.6851,9.5063,6.3305,-7.1811,-6.2473
-5.8633,-9.8194,4.5776,2.7891,6.2219
-3.4083,9.0222,4.7103,1.2981,-5.9454
-10.5397,9.0442,7.7651,-5.1209,-5.9633
-0.7287,9.9724,2.9254,4.4233,-8.5991
-8.9505,-3.1731,1.0703,-1.9751,-2.6665
-2.4815,9.5357,3.8302,0.8057,-6.5859
-7.3966,-2.4468,-1.5625,1.0521,-2.9331
-6.022,-8.9316,9.0101,1.5212,5.0084
-10.6804,9.9582,7.1174,-3.9641,-8.2503
-10.2716,8.0643,8.0818,-4.4391,-4.1545
-3.2856,9.35,4.6152,3.7558,-3.0892
-8.5699,8.1796,6.5753,-5.9938,-5.8672
-8.65,10.726,5.7603,-5.5679,-3.4323
-6.5784,-3.597,-0.9949,-2.8849,-6.2582
-4.5639,8.8819,8.5094,0.7677,-4.421
-5.6639,-7.6481,4.7007,3.9788,1.6677
-8.3158,-8.3226,7.2505,2.0715,3.0237
-7.0532,-2.8709,-0.2814,-1.4932,-0.9205
-12.1193,6.7074,4.6157,-6.8167,-3.4336
-8.3607,-6.2905,1.1146,-1.6822,-3.6063
-5.4118,-8.7104,6.1111,0.7766,4.9452
-4.4522,-2.7303,1.9495,-0.8708,-6.2594
-6.4388,-9.1899,6.1479,0.9865,2.7872
-2.5387,9.843,4.9758,4.0194,-6.6918
-8.4521,11.454,7.6917,-5.3276,-7.8453
-5.9673,-2.4882,1.2855,-1.6474,-4.4727
-10.1786,9.6662,8.4927,-4.8486,-7.6393
-12.8539,9.6659,8.7921,-7.9644,-7.2424
-7.139,-2.7184,-2.2939,-1.2929,-3.3379
-6.6635,-3.8111,0.784,2.2271,-7.3245
-4.2217,-6.3464,6.6379,1.119,4.8646
-3.3055,8.2801,6.2061,2.996,-4.1096
-10.3469,7.8098,8.8713,-2.8093,-6.358
-2.0804,9.516,5.6277,4.9885,-7.145
-3.1406,-8.8474,8.5813,2.145,4.0131
-7.4833,10.4451,5.9843,-6.4725,-5.9186
-1.7713,7.0339,7.3871,3.7423,-7.5834
-9.8517,10.4012,6.796,-3.8094,-7.4417
-5.392,-9.1008,6.1899,2.8271,2.8137
-6.994,-9.3181,7.5512,0.7696,7.2958
-9.4486,-4.3956,2.9602,-0.8201,-5.4707
-3.7958,-10.4931,6.9916,1.6071,4.6226
-8.8652,9.9513,7.2395,-8.6447,-6.7818
-8.1246,10.7759,4.7803,-5.6708,-7.4279
-9.0375,-7.4595,6.3213,4.8322,5.7815
-1.9951,9.6994,5.4945,2.6447,-5.9155
-8.2891,-9.0545,5.509,2.9222,6.4576
-1.6942,8.0204,5.4958,0.8283,-9.587
-8.6275,9.5828,6.4792,-7.702,-6.0143
-3.7066,6.9453,3.5435,1.9235,-4.1878
-10.0876,9.2581,5.8549,-8.0249,-5.8811
0.2692,8.994,3.0533,3.207,-8.7109
-5.2713,-9.3858,6.0647,0.4551,1.2119
-2.1805,9.3884,7.0061,1.8302,-6.4611
-6.6599,-6.42,8.6688,1.6195,2.8247
-1.2589,6.0237,5.201,3.8147,-8.6941
-7.1706,-9.9136,4.5237,1.8983,3.9788
-9.2916,-8.5612,10.3589,2.0325,3.8764
-4.3513,-5.2268,1.4365,-1.7804,-4.4129
-7.4394,-6.2479,6.7241,2.3593,5.5603
-5.9783,-11.0041,3.8793,1.1965,2.3304
-6.9581,-3.3991,1.0176,-2.7078,-4.907
-8.7323,-5.7411,0.7343,-2.7003,-3.405
-0.5155,9.3091,5.7034,1.8386,-4.7195
-5.8956,-6.9085,-1.1867,0.033,-4.3736
-5.0745,6.992,5.7548,2.2295,-7.1556
-9.0946,11.2775,5.9765,-6.7916,-9.3169
-8.0624,-2.7831,0.7943,-0.6515,-5.1438
-4.2357,9.5778,3.7389,1.5356,-7.7822
-9.3618,-1.7522,-0.2734,-1.2773,-4.6399
-10.5012,8.6047,5.064,-3.9186,-6.7518
-10.013,8.9469,4.8346,-5.1697,-5.9863
-3.6841,8.5312,5.8602,0.1269,-6.5384
-9.5992,-4.7094,-0.3476,-0.6421,-8.1126
-7.7025,-8.5983,8.0762,3.6984,6.3342
-10.4216,9.7048,4.8456,-6.3467,-5.8873
-8.9501,9.7316,8.5672,-7.1817,-7.379
-7.612,-5.6024,6.415,3.1354,4.6104
-6.1869,-5.8019,5.2788,2.3069,3.1685
-5.9664,-10.4768,6.8489,3.8419,4.374
-5.7493,-4.0574,-0.277,-0.9958,-4.266
-12.4523,11.3757,6.7579,-6.3705,-6.4974
-7.5944,-7.5267,7.7174,2.3127,5.4378
-5.8064,-5.1816,0.6489,-2.0853,-6.8472
-10.8462,8.0682,7.4511,-3.9097,-7.3195
-3.1402,8.5002,3.4365,1.7312,-6.2736
-8.0771,7.5158,6.9259,-4.3463,-6.3448
-0.2541,10.3303,4.3084,2.0135,-6.5671
-6.7807,-2.7018,-0.3816,-2.4851,-4.5077
-4.1793,-6.9799,7.638,1.2848,5.3721
-2.4435,8.7938,6.0857,5.289,-7.7159
-9.6344,-8.0763,5.6685,-1.207,4.7443
-10.6755,-9.2673,8.975,4.9598,2.3171
-9.0128,-6.5863,6.8395,1.6461,6.1537
-8.025,-8.7814,8.3485,1.7083,5.7709
-5.0258,-2.4919,0.6912,-1.5734,-4.8891
-1.668,10.6389,6.2206,-0.0933,-8.2864
-8.4047,9.5239,8.7645,-5.1386,-7.6551
-7.8837,-7.2785,6.4151,4.7613,5.1783
-1.6333,8.4753,5.5259,3.6362,-5.6489
-6.5303,-7.4086,7.7542,1.1036,4.7037
-6.696,-6.7502,-0.1871,-2.9208,-5.0869
-10.0414,8.904,7.7467,-5.2506,-5.8893
-8.7337,9.6914,6.5006,-5.0993,-10.1619
-3.3476,9.5801,6.9882,1.8745,-7.7124
-8.7615,-8.398,5.2887,2.7219,4.108
-5.0013,-3.485,0.2743,-0.5138,-1.7217
-6.4713,-4.2744,2.1704,-1.0815,-5.2729
-8.4096,-8.8737,7.062,2.3603,3.6072
-7.4608,-8.9064,7.3616,-0.8572,4.1407
-8.9091,-11.1219,8.9926,1.0784,6.462
-1.802,11.8373,6.658,4.3629,-7.6465
-3.3343,-10.0173,5.252,2.478,5.2438
-7.6493,-3.7653,1.2162,0.884,-4.9179
-6.403,-6.2884,-0.9155,-2.2022,-7.2297
-8.4403,-5.3926,0.7931,-1.4797,-5.0441
-5.6535,-6.753,8.1602,2.0378,2.1937
0.0055,9.5047,4.3112,3.2173,-10.1963
-8.231,-7.8807,6.8306,2.9271,3.3453
-0.5927,8.1269,5.4605,1.6699,-7.2061
-6.0041,-2.4009,-0.7723,-3.6096,-4.3132
-5.102,-3.4286,-0.304,-0.1016,-6.2117
-6.9711,-9.9009,5.053,-0.6824,1.7852
-3.1688,11.1848,4.9347,3.5209,-9.108
-7.8087,-3.9241,1.6711,-1.6435,-2.3857
-5.6026,-6.8392,-2.5804,-0.2523,-3.4149
-4.1873,-8.4932,8.0701,3.0212,4.7938
-11.067,8.972,8.441,-4.4112,-8.4228
-6.527,-1.4116,-0.9187,1.0611,-4.6585
-5.9032,-5.1829,1.3252,-1.412,-6.5676
-4.344,-2.6745,0.7321,-3.269,-3.8583
-5.4278,-9.3353,6.4052,0.3946,2.9233
-10.9952,9.7231,5.1102,-4.102,-4.7714
-11.4761,9.0727,6.1861,-2.1131,-5.7141
-2.3912,6.017,6.0144,2.4929,-5.3826
-2.3786,8.5658,4.7775,-1.0082,-7.2091
-6.4067,-5.4843,1.2052,-0.9247,-2.7387
-6.2737,-6.9847,5.7169,3.0426,5.9502
-6.9199,-10.1611,7.0789,0.9049,3.1487
-7.961,-2.032,1.9139,-2.712,-5.8746
-11.6547,8.551,8.1809,-2.6206,-8.7425
0.3201,9.2762,5.0262,1.8615,-9.7578
-10.4954,6.0898,7.9945,-3.8409,-5.3862
-5.928,-3.9825,0.7689,-2.3663,-2.4178
-1.1664,9.967,6.2142,1.1703,-4.9035
-5.4431,-3.3007,1.0306,-1.2392,-4.2323
-9.5775,6.2685,6.8896,-2.4344,-6.9036
-7.2264,-6.6584,5.3156,3.0617,3.2527
-10.8126,9.5154,7.9413,-5.5446,-8.729
-7.1333,-8.7332,9.0663,0.6313,4.519
-4.549,10.1337,5.6081,5.2181,-7.3413
-9.5193,8.0413,8.408,-4.7551,-3.4517
-7.2296,-5.365,0.3929,-0.8151,-1.0356
-6.9774,-6.1412,0.1824,0.4488,-6.4662
-5.2648,0.7542,1.7072,-2.6332,-4.8111
-6.5729,-4.6414,-0.9542,-1.6242,-3.4382
-0.2962,10.3008,4.4,1.9446,-8.3834
-2.4581,7.8593,4.9906,-0.3607,-6.3833
-7.4429,-9.3149,9.246,2.8588,2.4943
-2.176,8.2962,6.5235,0.6313,-7.1599
-3.1982,7.7395,5.8854,0.689,-6.7723
-9.016,-9.2383,6.6797,2.9051,1.7643
-8.1065,-4.2943,2.0392,-0.166,-4.1526
-3.0992,9.0574,6.5576,2.2598,-6.81
-10.1732,9.6353,6.5039,-6.3772,-7.7821
-6.0455,-3.9697,0.7155,-2.1443,0.4399
-2.914,7.5461,3.9734,2.5391,-5.7441
-5.8712,-5.9885,7.1246,0.5605,5.8221
-4.7204,-3.1706,3.6077,0.4091,-2.459
-2.229,7.8812,3.7226,-0.1368,-8.2645
-3.7533,-5.2597,0.8241,-0.1733,-5.0314
-8.7903,9.9407,9.2906,-5.7537,-8.1363
-6.822,-5.479,-1.2632,-0.6645,-5.0012
-7.9147,-9.578,9.489,0.1375,5.3813
-1.1361,9.5074,3.8452,2.7431,-6.734
-1.7622,11.191,6.0788,5.2029,-8.0306
-5.9914,-4.4013,1.3823,-0.3408,-3.7143
-5.7669,-8.7252,4.9206,1.6532,2.8966
-9.4785,9.1728,8.4364,-5.8788,-8.0428
-7.7234,-9.1522,4.7984,0.8135,5.6087
-3.7329,8.8986,5.1516,2.3882,-5.6389
-10.1929,12.3855,5.4008,-6.5784,-6.584
-6.5104,-8.091,9.0337,4.3931,2.6388
-5.5421,-4.6313,-0.4796,-1.2348,-4.1562
-6.0751,-7.0598,8.402,3.5164,3.0263
-3.4083,5.8284,3.8512,0.8345,-6.654
-11.4445,9.5623,8.6418,-5.2834,-7.2733
-5.1104,9.9494,6.1786,-4.3705,-5.6395
-7.5002,-1.8885,1.8244,-1.4551,-3.8107
-7.8002,-9.292,6.7413,2.2779,4.4023
-8.1608,-4.7693,0.3091,-2.9574,-4.1902
-6.778,-4.2847,1.9747,-2.4291,-6.4896
-5.97,-9.1131,8.1253,3.3538,3.6805
-6.8783,-10.064,8.3124,3.4287,1.7501
-9.6261,-4.1583,0.7097,-0.0867,-3.1361
-9.3024,10.8102,5.1001,-5.1563,-3.6495
-10.9058,8.8312,6.996,-4.7835,-6.687
-1.3286,10.7522,3.4089,3.4182,-6.2605
-8.9007,6.2677,5.7719,-5.7998,-7.728
0.1873,9.9756,3.7831,2.832,-4.7806
-5.1831,-6.339,0.9446,0.0376,-4.7981
-4.3478,6.8177,4.9766,3.5438,-4.3537
-8.5192,6.5735,6.0904,-5.0972,-6.0857
-4.4567,-10.6899,6.4348,1.9827,4.5817
-0.1825,9.1878,6.4088,2.0744,-3.7885
-7.0969,-10.027,6.8616,-0.8181,4.4814
-7.1243,-8.7769,5.8202,3.1335,3.3916
-3.9936,8.8256,4.7235,3.6145,-9.4183
-4.301,-5.8496,6.1735,1.198,5.4508
-7.5182,-3.8641,-1.5524,-0.3089,-3.3971
-7.7069,-10.0656,7.3185,1.767,3.4816
-7.0767,-5.6454,0.8969,-2.5964,-4.9528
-6.0686,-6.6808,-0.8403,-1.4572,-3.371
-6.4826,-4.0012,1.111,-1.7077,-2.0856
-1.6436,8.7097,5.1966,1.0672,-6.7497
-8.4997,-2.9158,1.3621,-0.4951,-4.3684
-6.9559,9.4258,6.9867,-4.7141,-8.2675
-7.4896,-1.5009,0.8364,-0.4071,-5.4085
-8.4222,10.0982,8.9304,-7.1766,-3.7425
-3.5194,9.4328,3.3869,5.1909,-8.661
-4.9815,-10.1376,8.7777,2.6631,3.1921
-7.8586,-5.4563,-0.0648,-0.3943,-2.783
-9.7092,8.1486,8.0219,-6.5775,-6.5386
-4.0284,9.4857,3.2778,-0.1453,-4.6812
-10.5095,9.6097,9.0318,-4.7101,-8.075
-4.2171,-10.6288,8.7023,3.5232,3.1555
-10.667,12.4729,6.6499,-4.58,-7.5498
-5.2316,-3.902,0.1386,-1.2462,-4.9431
-6.8755,-8.1829,9.1095,3.4466,1.9341
-8.5957,-8.6755,7.2737,1.7101,3.9686
-4.9257,-1.4626,2.4627,-2.9993,-4.5559
-4.2642,-3.7414,1.0795,-4.6917,-5.9724
-6.2413,-8.8096,6.3613,2.7541,6.868
-6.0441,-0.9926,2.0328,-2.3419,-4.1344
-5.6122,-4.3181,-2.2594,-2.0103,-2.9847
-5.0259,-8.7053,7.6195,1.0958,3.6873
-7.6841,-7.6262,7.8745,4.7796,3.8263
-8.8935,9.6941,7.1158,-3.2033,-4.7562
-5.9514,-5.7521,7.3547,0.9303,3.8871
-9.6447,6.8014,8.8913,-5.6912,-5.699
-6.8507,-7.829,8.2112,1.4912,3.301
-8.7286,6.7194,6.1094,-5.3016,-6.0877
-8.9008,-10.2957,9.1241,1.037,2.5911
-5.0729,-2.6059,-0.9541,-1.4802,-4.6261
-5.5015,-9.2737,7.7246,2.5048,3.1593
-5.1257,-9.1824,7.2583,-0.2744,4.9328
-7.392,10.8935,7.0698,-3.1153,-5.8053
-5.0647,-3.9235,2.2629,-3.4212,-3.3956
-6.1463,-7.8862,8.9881,2.637,3.7996
-7.293,10.3956,5.262,-8.1496,-6.854
-9.8622,7.9133,6.5963,-6.9697,-8.0346
-1.7578,7.548,4.7889,3.1003,-9.3837
-10.3777,11.4807,6.0713,-5.1787,-6.1516
-2.8083,-4.9892,-0.1298,-1.4558,-3.5817
-7.8514,-7.722,7.0517,1.0482,6.1434
-8.5778,-1.9937,-0.503,-0.2782,-6.0804
-4.4754,-3.3455,-0.9569,-1.8266,-5.0969
-9.2003,9.7173,7.8232,-6.3999,-5.7514
-7.5036,-4.3049,2.8929,-0.1579,-2.8821
-6.6404,-3.7909,-0.5971,1.2611,-2.6153
-6.6149,-9.6583,6.916,4.5325,6.1721
-1.2246,9.3354,2.7713,2.2329,-6.3017
-4.5122,9.5846,5.5558,2.8129,-5.2585
-3.0868,7.9989,5.5574,3.5197,-5.4827
-7.577,-8.5366,7.7485,1.6339,5.0415
0.0074,8.1839,5.4934,4.4158,-7.4483
-3.8872,7.5081,3.4882,1.9211,-6.5283
-1.9735,11.2311,3.8625,0.7604,-7.6323
-7.0863,-7.409,9.7419,3.9947,6.6214
-8.0962,-3.1838,2.268,-0.6397,-4.4792
-3.7577,9.7214,3.8115,2.9226,-6.5752
-10.2247,8.5434,7.1431,-8.029,-5.2376
-4.6956,-4.6096,0.2702,-3.5108,-4.9624
-0.2101,8.8511,5.2424,3.0084,-7.4815
-9.5433,6.1696,7.9635,-8.0955,-4.1084
-8.3777,-8.3856,8.4726,3.8627,4.0112
-8.8235,-3.1603,-2.6,-1.8371,-2.7636
-6.1097,-9.6374,5.5686,-2.2861,4.1202
-8.3772,-9.4143,7.6988,5.0158,8.8263
-0.861,10.2524,5.8601,3.9314,-6.8481
-3.768,8.5505,5.1368,3.4365,-7.5984
-3.5238,11.7157,4.5796,-0.173,-6.6875
-4.686,-6.2636,-4.0163,-0.5043,-3.8099
-7.8766,-4.1002,0.9587,-2.3446,-4.529
-5.5667,-2.0063,0.6846,-2.0648,-5.6647
-9.0638,7.051,6.7919,-6.1484,-5.3448
-6.7946,-8.4354,9.6162,2.7841,4.9689
-5.5471,-5.7456,-2.5309,-5.6096,-2.9544
-6.8497,-3.1813,1.5247,-2.6194,-4.0737
-11.5672,9.0937,5.4488,-5.8485,-4.5073
-5.8946,-6.4512,-0.9726,2.7717,-4.6338
-0.9638,9.3725,4.2513,1.6786,-6.987
-3.6684,8.6591,3.9118,2.096,-3.4076
-4.0399,-2.5839,1.6364,-1.271,-3.5929
-7.494,-9.6245,7.5521,0.7887,5.843
-8.1278,-8.9391,6.2499,3.0454,6.3923
-8.3128,-8.2029,10.4173,0.421,4.1978
-4.7592,-3.1835,-0.6062,-1.5734,-1.7779
-5.5664,7.5022,1.8337,1.4459,-6.852
-5.7661,-8.115,5.467,3.326,5.4924
-6.3458,-3.4547,3.2152,-1.8754,-3.7579
-7.4405,-2.9367,2.6361,-1.9903,-3.0407
-8.4912,10.2838,6.4356,-5.2452,-4.8193
-8.7153,9.7889,5.8406,-7.266,-9.3074
-5.7009,-4.782,1.8168,-1.3591,-3.5823
-4.2417,-2.8493,1.1391,-0.7916,-5.0096
-4.6129,-8.1714,0.4702,-1.5198,-4.8559
-1.9895,7.9942,4.9883,2.4128,-7.9512
-8.0676,-5.9148,-1.8321,-0.368,-2.3925
-3.3495,10.1352,5.5554,1.9418,-6.7036
-2.4897,11.1946,4.2429,6.0534,-5.9411
-5.2857,6.8953,8.2369,-6.0124,-5.2056
-1.871,7.5638,4.5683,1.9678,-8.6172
-8.8064,9.8807,6.9009,-7.2459,-6.6358
-6.7321,11.8371,9.977,-5.9918,-5.9201
-9.6776,-3.5751,-0.3472,-2.1907,-3.1316
-2.6697,7.4614,3.8094,0.1764,-3.9325
-8.6821,12.8537,4.4297,-3.8644,-4.6438
-7.795,-1.9599,1.4922,-2.1905,-2.6727
-7.434,-8.6232,4.6592,2.6353,2.6174
-5.6193,8.5003,4.0827,-0.1381,-8.0464
-8.1808,-9.8255,6.8679,0.0035,2.9326
-8.305,11.8724,8.2548,-6.8476,-5.8214
-8.4487,9.2565,7.2783,-7.049,-4.4443
-4.2917,-5.782,0.8444,-2.2731,-5.6971
-1.9811,7.137,6.8055,1.8499,-5.2037
-7.8403,-3.3749,-0.3113,-0.378,-5.7807
-8.2744,-11.0831,6.3485,1.8971,1.987
-7.0608,10.2425,5.3291,-2.7726,-7.16
-9.1411,10.3562,8.236,-5.2018,-6.1414
-7.4416,-5.9171,-0.0834,-0.7093,-3.8151
-6.0375,-3.0965,-2.7622,-1.3733,-3.9383
-6.8587,-10.2692,6.713,3.0518,4.3203
-6.3914,-8.5468,6.7938,2.53,3.7183
-4.2215,-4.6413,1.928,-1.4192,-5.0879
-3.0331,8.5318,7.755,2.5461,-6.2346
-6.8536,12.1468,4.4305,3.6354,-8.4395
-4.9938,-4.8,1.5432,-1.3233,-6.4901
-11.082,10.3749,7.9365,-6.1051,-6.3061
-3.7426,-5.2461,1.6528,-0.8267,-2.2831
-11.2262,10.7336,6.9066,-4.9233,-8.1269
-8.8295,-7.5937,8.5406,0.2999,5.3896
-3.835,9.2449,4.7272,0.2587,-6.3429
-10.4984,9.7151,8.449,-6.4911,-9.1783
-10.2743,9.334,6.7359,-4.4806,-9.7338
-4.3125,-10.8962,4.9032,4.2291,3.8475
-7.2898,10.148,4.5499,-5.2017,-9.5135
-6.9875,-11.1151,6.788,3.3579,5.0243
-3.2002,10.6,5.1553,-0.6714,-6.3935
-3.5622,8.0199,2.536,4.5975,-8.7454
-0.0057,8.6249,2.3852,1.6046,-7.2887
-1.1324,12.1975,6.1886,-0.3059,-7.606
-4.4512,10.7555,3.9383,2.4929,-6.95
-7.8497,8.8938,7.2871,-3.9573,-8.421
-3.4863,8.2885,4.1594,2.6094,-6.0954
-2.0754,12.6972,3.6833,1.1767,-7.8143
-6.7163,-4.269,-0.1152,-2.1632,-3.733
-6.7482,-1.9782,1.1278,0.6042,-4.4994
-7.9853,-3.3938,0.6252,-0.8276,-3.8881
-10.7235,6.1133,8.4407,-4.3156,-6.286
-2.3262,12.8544,4.4958,3.6971,-7.9344
-3.7998,8.4375,6.1493,1.1078,-5.6261
-8.4137,-2.7694,0.4155,-2.1876,-3.9234
-9.6049,8.1787,7.8838,-5.4146,-6.3371
-8.421,-3.967,-1.9299,-1.7052,-4.5483
-3.3424,8.0582,6.4234,4.1039,-7.7357
-3.5332,-7.8813,8.0748,-0.6793,3.3474
-11.0484,10.9089,7.1531,-6.0944,-7.5994
-10.563,7.5934,5.0858,-6.484,-6.8914
-2.2106,8.114,4.7446,1.3952,-6.7094
-7.5688,-3.5003,2.2883,-2.256,-1.0285
-1.2007,9.2893,7.9246,0.7607,-8.1392
-7.5159,-3.9257,0.1717,-1.9189,-5.2681
-8.4256,-3.0281,-0.5909,-1.6542,-4.8533
0.6039,10.321,4.1508,3.775,-7.4917
-10.4244,8.7787,5.2588,-5.8004,-7.6361
-6.7567,-4.7635,-0.2118,-0.2835,-4.412
-5.1939,-7.417,6.1642,2.6329,2.704
-12.0732,8.6115,5.5459,-4.671,-7.9387
-7.1856,-10.1553,6.0832,1.6826,4.7125
-9.4605,4.9115,6.3685,-8.1989,-4.5545
-0.4328,9.8601,5.532,3.2533,-5.7412
-7.5397,-2.2999,-2.7594,-3.1524,-5.6136
-7.3792,-1.3971,-2.3723,0.6057,-4.5119
-5.392,-3.8468,1.4302,-0.3059,-0.943
-9.6188,-1.6134,2.1787,-2.0507,-3.3603
-5.5725,-1.7442,1.3473,-2.9356,-2.1316
-12.7145,11.9852,6.2177,-5.3222,-6.4318
-8.8625,7.7448,7.6709,-5.1403,-6.8252
-6.4995,-8.1368,8.9522,2.1693,4.6235
-5.5882,-3.9127,1.1173,1.0454,-4.6031
-0.5485,6.6031,4.9168,2.363,-5.7069
-10.6896,9.5212,7.3348,-3.5695,-5.3067
-6.8038,-8.5783,7.6895,1.6875,6.3962
-6.4294,-7.905,5.6153,3.581,4.0478
-8.0964,-10.7247,6.9725,2.7218,5.6425
-4.7975,7.9764,4.5715,2.3382,-7.2415
-8.3383,7.7409,6.9797,-3.9263,-7.1333
-10.8978,10.7203,7.7306,-7.1276,-4.3303
-7.2531,-6.4273,8.06,3.1246,5.1558
-5.3101,10.0437,2.2208,1.2653,-5.2462
-5.4581,-5.1151,-2.3669,-1.9507,-2.673
-10.9035,11.9663,4.0274,-5.1011,-5.6504
-7.6829,-5.3615,2.1152,0.0531,-3.4445
-7.2986,-9.258,8.5091,2.5324,5.0174
-8.9045,8.7096,5.607,-7.4848,-8.9912
-10.4716,8.1423,5.737,-6.5619,-7.1859
-7.5925,-7.5314,5.3046,2.2119,7.0698
-7.586,-1.7784,0.3576,-2.6928,-2.679
-3.4141,-6.6468,-0.4014,-0.8058,-3.2989
-5.6217,-9.7642,6.4861,0.3721,4.8207
-7.1244,-2.361,-1.6393,-2.8163,-4.7718
-2.4064,7.4208,5.3503,0.594,-4.5547
-5.861,-10.5615,8.323,2.7162,1.5727
-10.2881,10.3589,6.3631,-5.2671,-8.085
-9.5919,8.5143,5.0106,-4.5011,-4.9928
-8.8647,-5.5952,1.5015,-0.4554,-4.7632
-5.1199,-8.5668,5.3783,2.6218,3.1844
0.1238,8.6408,6.0972,2.9412,-4.8267
-8.3404,-8.1238,8.0817,3.6126,8.3009
-10.3752,11.4265,7.285,-5.694,-8.5174
-6.8018,9.2431,4.7903,-2.6095,-3.9718
-1.0765,7.5357,5.3959,1.1778,-8.0689
-8.9141,12.5273,5.1267,-6.2954,-5.7388
-7.6838,-11.3994,5.6487,3.876,3.9276
-4.5367,7.5505,6.2203,0.5491,-2.9311
-8.5997,-2.1761,1.9548,-2.5297,-3.8706
-7.5984,-10.1325,8.3637,1.4343,5.7514
-4.9141,-3.1639,-0.8226,-0.2474,-5.1318
-7.4094,8.0237,5.3935,-5.9638,-5.9021
-3.7474,8.5322,5.2593,1.1276,-8.113
-5.7925,-8.0641,6.3613,2.6702,5.3621
-7.0184,-3.6366,2.7588,-0.4527,-3.4125
-2.4128,7.3977,3.5669,2.9926,-7.9752
-5.568,8.6102,5.7162,4.2267,-6.7685
-7.8025,9.7171,8.1893,-4.0944,-7.2094
-7.2025,-9.3004,8.493,3.9878,6.255
-2.1731,9.0332,4.7864,0.8137,-6.8429
-8.3206,9.3249,4.5411,-5.8318,-3.8073
-6.418,-6.0083,-0.5667,-1.7552,-6.5693
-5.5549,-3.8758,0.0398,-1.4825,-8.9311
-5.8526,-1.4347,0.705,0.1331,-6.2608
-11.528,10.2568,7.3248,-8.5579,-8.1062
-10.9444,7.0748,7.0358,-4.0974,-5.6507
-3.5287,-3.2856,0.91,-1.3483,-6.5317
-1.1222,9.1037,3.6695,3.0205,-6.2894
-7.2252,-2.5644,3.0443,-1.9638,-3.1534
-6.9211,-10.2382,6.6586,0.6951,3.902
-7.3613,-6.0642,0.7139,-0.4832,-3.4031
-7.4676,-8.4346,6.8087,2.9547,3.607
-9.2017,7.5356,7.1501,-5.9861,-9.2252
-7.673,-7.9588,9.1809,2.0542,4.6247
-5.8605,9.7954,8.5619,-5.9808,-5.5635
0.3125,6.8423,1.3417,2.6332,-7.6327
-7.1175,-5.953,-1.1245,-4.3938,-4.3273
-6.7273,-6.5148,5.4649,-0.179,4.4086
-4.4286,8.0771,4.679,2.7497,-7.9682
-11.3554,11.899,8.9337,-4.6498,-3.6908
-10.975,11.7425,6.2379,-6.1183,-6.8133
-6.6255,-2.325,0.4178,-0.6065,-4.6535
-8.3651,9.3261,6.3741,-6.2882,-4.5925
-9.6387,10.0803,5.8742,-6.0479,-6.6723
-4.7828,11.3355,7.3337,1.054,-7.4612
-9.5831,-8.0261,8.4623,1.1575,0.2749
-7.2288,8.6995,6.4226,-5.8641,-7.041
-6.007,-9.1781,5.8844,1.464,5.7946
-11.2621,-8.1835,8.6794,-1.5221,2.6469
-13.493,8.8562,6.5526,-7.2691,-7.1363
-4.2038,9.809,6.8022,-1.7343,-8.075
-2.8146,8.1418,3.1177,0.9993,-8.7155
-3.4011,-8.2484,7.6116,1.5586,4.3618
-1.7483,10.6143,6.3938,4.0464,-5.9066
-0.0606,6.8691,3.9798,2.1693,-4.7177
-7.653,-1.2171,-0.6077,1.1232,-4.54
-1.2744,9.1243,2.7049,0.0306,-7.3833
-7.5996,7.4675,4.5532,-6.6286,-4.8059
-3.8733,11.1185,2.5371,2.8535,-3.5939
-7.4163,-9.1089,9.3828,-1.2955,6.4616
-6.4518,-8.0566,8.2913,2.8557,4.2958
-6.432,-9.966,6.684,3.745,4.3314
-4.2028,8.2275,5.3739,0.14,-5.8101
-9.8894,-0.8521,0.938,-2.5258,-3.9397
-1.2005,9.9896,4.4911,4.7431,-8.4848
-1.2583,9.7031,4.5346,-0.5183,-6.2352
-3.8744,-3.3432,0.9626,-3.6395,-8.1215
-10.7433,7.454,5.9647,-5.4811,-5.471
-2.565,10.1057,4.7178,3.0721,-7.0007
-6.7076,-9.0785,8.3305,2.3421,3.0335
-7.8965,-7.0472,5.8518,1.3257,4.8545
-8.5577,11.598,4.9815,-5.807,-7.1607
-7.0572,-12.0211,6.4118,3.9678,4.1271
-12.627,7.7919,9.516,-7.6739,-6.0793
-2.4522,9.1943,5.5602,0.439,-7.2657
-4.6134,-11.0151,7.3054,0.1437,4.7069
-1.1598,9.4752,5.8592,2.9176,-8.1231
-6.3821,-8.5526,8.3877,1.3691,4.9311
-5.5565,-4.2474,0.4617,-2.3944,-3.8683
-8.3272,9.7099,4.7099,-6.5515,-7.2745
-5.0532,-5.7589,2.6733,-1.3399,-5.07
-2.1977,9.4217,2.7248,0.3516,-5.2999
-9.0786,-5.7578,-2.6183,-1.4902,-4.4009
-5.7117,-8.1517,9.8353,2.0139,5.1646
-10.5416,12.0065,6.167,-3.0044,-5.1423
-9.3529,8.5184,6.9852,-4.6813,-9.4384
-4.7914,-9.2134,7.7566,2.4128,3.96
-6.6961,-6.4013,7.8081,1.6438,3.7237
-8.1216,6.2397,8.3792,-3.6737,-6.8168
-3.3529,9.9629,6.0987,2.9059,-9.235
-6.1351,-9.5363,7.1646,5.9888,1.907
-7.2683,-6.4404,8.1649,1.5791,5.2069
-10.5383,-9.0397,9.4576,3.4116,5.6095
-9.0611,6.4309,6.7193,-2.9066,-7.7853
-6.8049,-5.3267,0.8643,-2.5645,-1.9525
-7.0047,-3.5573,-1.4407,-1.576,-2.5306
-1.5879,10.1505,3.8441,1.1094,-7.2922
-5.4387,-4.8,0.2969,-1.2527,-6.4257
-6.4158,-3.4082,1.8321,-1.3548,-3.2471
-3.3697,8.9778,7.8533,4.5645,-6.2251
-10.7581,11.0212,4.6245,-6.376,-6.3125
-8.8299,11.6319,10.056,-6.3598,-5.6264
-5.0568,-3.2886,0.6563,-0.78,-3.6906
-2.1437,9.3817,3.8795,1.2666,-6.5316
-6.0953,-5.5612,-1.7203,-2.4702,-2.3876
-4.9275,-6.4961,7.3715,0.8922,4.8514
-7.4198,-10.8274,6.7033,2.4127,2.7158
-6.3145,-8.8822,9.0126,1.9452,1.5019
-7.0336,6.9412,3.9693,-6.6863,-5.4894
-4.1793,-4.4361,2.675,-1.4784,-6.9383
-5.9565,-7.0325,7.1144,1.347,4.1622
-8.7277,7.4837,4.7164,-5.3141,-6.1452
-8.6759,7.4225,7.8129,-7.2565,-7.4922
-3.9768,9.6267,2.086,3.5169,-6.1707
-6.0159,-3.6009,-1.1423,-1.0103,-2.6223
-1.7692,9.2915,3.3523,3.0236,-7.7431
-8.4563,-5.6419,-3.7635,-2.5752,-2.7404
-3.2487,8.1302,5.9143,2.5087,-7.919
-6.2052,-2.7182,1.8804,-2.937,-2.8723
-7.0957,-5.1847,-0.3822,-2.0792,-3.6362
-5.9546,-7.813,5.2746,3.8402,4.5533
-9.9523,7.8586,8.4939,-7.2003,-3.9208
-11.8673,5.15,5.9721,-4.9256,-4.5631
-7.0773,-7.5993,6.6684,-0.3876,6.7858
-7.7941,-2.9468,0.5242,-4.8416,-3.0015
-9.6692,7.9247,8.3316,-2.2732,-6.0693
-6.0592,-8.015,6.9411,1.8341,4.6533
-2.2521,8.8408,4.1882,-0.2446,-7.9594
-4.4062,-1.9727,1.3115,-0.0924,-3.4043
-9.0046,9.3185,8.4842,-4.1085,-7.302
-5.2962,-3.5167,1.4818,-1.4654,-5.9559
-13.5419,9.4033,7.1406,-4.3668,-7.8843
-7.1965,-1.7086,-0.5541,-2.9167,-3.1774
-3.871,0.8129,-1.1901,-0.9968,-7.2986
-6.2798,-6.8679,1.4776,-0.1449,-5.6662
-7.7411,-2.2363,0.0534,0.818,-1.8823
-7.2769,-11.8441,8.2766,0.1634,4.2514
-7.2257,-10.2247,8.6588,3.5752,1.3922
-6.2487,-8.1003,6.5345,-1.2077,5.8072
-7.2944,-1.4171,-0.7891,-1.3078,-3.197
-7.0607,-12.0973,8.5947,1.2193,4.0257
-9.203,-2.926,-0.7108,-0.9001,-4.547
-5.5498,-9.4695,3.4172,2.3207,4.8166
-6.0529,-8.3274,7.9096,0.0326,5.7324
-4.4298,11.6465,1.517,4.5179,-6.5631
-5.9621,6.7415,6.6902,4.4406,-7.2532
-2.7877,7.3548,2.8456,3.192,-4.8453
-10.9309,10.294,5.2263,-5.0584,-8.4142
-10.6497,8.3299,6.4829,-7.0982,-5.1005
-3.1877,5.3785,2.264,3.1138,-5.7009
-6.5545,8.9328,4.2935,3.0175,-4.1062
-3.5999,8.643,4.5282,2.9042,-6.6131
-10.4459,9.8971,8.0485,-6.0873,-4.7657
-6.2607,-4.2888,-2.0142,-0.7548,-3.1016
-7.6203,9.8794,6.9399,-7.6583,-5.9331
-0.1834,7.5168,6.1164,1.6522,-6.9538
-8.161,7.8665,7.3591,-6.1547,-5.0933
-11.9401,9.9183,10.4162,-8.5133,-6.4119
-10.5293,9.466,6.7256,-6.5059,-8.4222
-8.1496,-9.8037,8.8685,1.5201,3.556
-8.2798,7.6837,7.8791,-5.8503,-6.2542
-9.4704,6.2051,7.3361,-7.2228,-8.0935
-6.3683,-2.1115,-1.1478,-6.1262,-3.7568
-4.7618,-8.9578,8.0021,0.4287,4.8039
-9.6732,11.2267,3.7222,-5.5378,-9.0905
-9.7627,9.7203,9.016,-4.275,-5.0598
-7.9518,12.4166,8.1844,-5.3793,-4.7959
-10.9931,8.3965,7.0871,-6.0342,-9.7208
-9.4598,8.0101,7.0319,-7.0962,-6.9757
-3.7879,-7.0258,8.8596,2.9111,5.329
-8.843,11.0029,4.8493,-9.2274,-5.0765
-5.0789,11.0451,4.4681,3.8299,-9.2713
-9.3778,6.4476,4.9731,-6.032,-5.8985
-6.0069,-4.3702,0.1668,-0.2117,-5.7357
-8.5198,12.8207,5.7224,-8.0558,-9.1835
-6.2915,-9.6018,7.2852,-0.6313,3.1194
-7.6928,8.1287,7.4641,-5.4535,-5.9675
-8.19,9.0434,8.3523,-7.4127,-7.6003
-8.6513,-7.1668,8.3966,3.0996,4.8192
-1.0562,7.9612,4.1484,1.385,-9.0749
-7.4118,10.7173,5.0328,-3.6885,-5.8938
0.2895,9.725,2.8529,2.958,-8.3416
-5.5718,8.6435,3.6169,0.4707,-7.3013
-8.8934,9.4635,7.4861,-9.5476,-6.8084
-1.9966,11.8285,6.0655,1.1078,-8.2272
-9.3028,-7.0912,6.2216,0.8069,4.4623
-10.1441,7.2898,6.6723,-4.3998,-7.7251
-6.4794,-8.0752,4.9517,3.3649,3.4369
-8.0711,11.4104,5.5351,-6.4812,-4.5172
-6.3787,-3.8881,1.2041,-3.4114,-3.2866
-5.0425,-3.7955,2.2045,-1.9421,-5.8233
-10.3771,9.6648,7.2496,-5.5566,-6.4797
-5.705,-9.2156,6.4273,4.1559,6.7698
-7.0388,-6.8784,1.6218,-4.4587,-4.1327
-4.9069,-3.5506,-1.8039,-1.6555,-3.7229
-7.7978,-8.8939,6.6796,0.9837,2.052
-4.1962,6.7131,6.5564,2.4716,-8.0024
-7.4041,-8.8675,6.8688,3.2222,1.737
-3.5414,12.3929,6.1125,1.4859,-10.6287
-9.7724,9.5383,4.9535,-2.1357,-4.0889
-8.8844,7.0948,7.784,-4.8345,-7.8885
-5.3286,-2.9072,1.0714,-2.8527,-3.8011
-7.5352,-8.9375,10.4731,1.6518,3.6239
-2.183,10.3194,5.3834,2.1988,-6.3322
-11.562,9.8197,3.45,-4.2343,-6.6007
-7.611,-9.8519,7.3748,0.3914,2.5327
-8.2283,-10.8338,7.0398,3.4048,3.9701
-1.7993,8.905,3.3697,-0.2991,-7.5494
-0.2021,8.9605,6.9868,-1.9564,-5.6468
-6.6274,-6.8619,5.8137,3.7321,6.1371
-2.6172,10.5196,5.1823,1.0055,-6.3375
-0.725,7.1729,5.536,3.0249,-7.326
-7.1608,-7.3597,9.1046,5.9066,5.0309
-3.9425,6.6046,4.9451,0.8386,-9.013
-10.1021,9.6539,5.2048,-6.0631,-5.4482
-2.5475,10.7734,5.4553,1.4172,-5.7221
-0.4212,10.3918,2.2841,0.4887,-5.4685
-10.7473,10.6435,7.9995,-5.0764,-4.5883
-7.9657,7.4299,7.582,-3.7598,-5.7833
-6.7796,-8.0644,4.9797,1.2287,5.3528
-9.9544,9.3392,6.4471,-5.2524,-4.2165
-10.1421,5.0377,6.0866,-7.311,-8.8104
-6.016,-4.6479,2.8841,-1.3321,-5.9589
-10.7925,9.2872,6.5354,-2.7944,-8.4425
-0.6088,7.9528,5.3056,3.1351,-8.27
-2.4883,8.9781,4.937,1.7566,-7.7401
-0.9357,7.9578,2.5272,-0.3618,-5.9706
-9.4332,12.4613,7.0649,-5.7866,-5.8804
-7.0783,-2.1906,0.94,0.5404,-3.7423
-7.9552,8.8337,6.6771,-7.5107,-3.8199
-6.0479,-3.4693,-1.2887,0.2199,-3.3174
-9.0077,-11.4795,5.035,3.9162,3.3337
-9.2095,11.475,7.3152,-4.1012,-5.6637
-9.7096,9.4766,5.0579,-6.8287,-8.2904
-5.2355,-4.8911,-2.6403,-1.6165,-4.5738
-2.2128,12.1272,3.6061,4.5771,-6.5828
-6.0856,-8.9441,8.0533,2.119,1.1983
-4.0532,-6.5235,6.5902,0.3429,4.3728
-3.9566,10.0434,6.2275,-0.6649,-8.6545
-9.2249,-7.5137,7.2068,1.7516,8.9511
-2.4565,-6.9713,5.2969,0.0386,4.8843
-4.7452,-4.7988,-0.9083,-1.628,-5.5446
-7.6798,10.4969,7.0819,-8.2355,-7.8036
-7.5511,-6.9168,7.4253,3.3015,4.8886
-5.5255,-3.2729,0.0751,-3.2796,-3.4025
-10.7082,9.133,4.3259,-6.4899,-6.7908
-4.8441,8.3721,6.891,3.2485,-7.4026
-6.139,-4.2536,2.5787,-0.4051,-1.751
-4.271,-5.1937,1.2082,-0.4124,-4.8867
-6.3272,-2.0702,1.9692,-3.4612,-3.2945
-2.5084,-3.1186,0.7184,0.4113,-0.6599
-8.7166,-9.1519,6.0477,1.1515,5.0443
-9.7556,8.1907,6.0673,-6.3736,-7.08
-13.3282,7.9497,9.0926,-6.6259,-8.1243
-7.7502,-8.4792,8.0731,2.7303,4.2754
-6.6077,-5.1837,0.474,-1.4551,-3.8136
-10.711,-7.4368,5.2732,1.6852,2.4063
-11.3813,11.5746,9.3596,-8.2772,-7.8995
-9.8852,12.5001,3.9013,-7.3302,-4.1174
-5.7393,8.0558,2.6552,4.4362,-5.3649
-2.7599,9.2344,6.4496,0.7478,-6.3266
-6.6154,-9.3889,6.0821,2.1515,2.5532
-4.7507,-9.739,4.5237,3.5336,3.1345
-1.59,7.4342,3.7042,4.8442,-7.1657
-2.7427,10.766,5.0215,2.4796,-7.4974
-5.5469,9.294,3.6472,3.2518,-8.0684
-11.7612,8.9487,6.5735,-1.822,-8.0315
-6.4928,-2.0847,-1.1199,-2.5049,-2.621
-4.4577,-5.9143,-0.029,-2.52,-3.6067
-3.2833,9.1585,3.9465,1.3214,-7.3434
-0.8194,8.611,2.9801,5.8332,-6.7908
-2.1845,9.0826,3.6625,5.1891,-5.9287
-4.6402,-3.786,-0.6253,0.1241,-4.5011
-8.2332,-10.1428,9.0117,0.2382,6.6255
-1.7936,9.1295,2.7154,3.4676,-7.6203
-10.8586,11.2726,7.8179,-5.8117,-6.9904
-10.7816,10.0348,8.5681,-9.0784,-5.6094
-3.8924,10.3187,6.6733,2.5933,-4.0644
-8.9263,8.2985,6.9923,-8.5401,-5.4586
-6.3285,-2.3096,2.403,-1.5273,-4.7578
-5.5488,9.9229,5.1428,-5.8964,-9.0279
-6.2184,-2.8868,0.2827,0.3885,-3.379
-7.151,-5.5533,0.6981,0.1306,-3.2064
-2.1558,10.1706,2.422,3.6888,-6.3719
-2.0445,9.965,5.2606,1.6952,-7.0744
-3.7949,7.4079,5.3636,1.638,-5.8086
-1.516,11.3933,2.7832,5.1727,-9.8078
-8.0974,-1.1843,-0.3545,-0.1137,-3.8612
-10.3885,-4.86,-0.2373,-0.4111,-4.1415
-2.1086,10.3487,4.7633,3.5714,-7.6556
-5.0015,8.9152,2.8234,0.9954,-6.8085
-8.3791,-9.5955,8.5845,2.8424,3.8031
-0.3952,12.4626,4.0956,1.3049,-4.6996
-6.7424,9.6332,8.1841,-5.4903,-8.3686
-7.0615,-8.209,5.9923,1.3661,5.245
-1.7366,9.785,5.4125,7.7523,-6.0233
-6.9164,-10.1939,7.8101,0.2537,5.943
-10.206,9.5961,5.967,-6.0812,-6.5006
-7.5833,-0.639,1.3509,-2.2321,-5.0925
-9.2364,-10.5285,5.5326,2.2367,6.7602
-11.2948,9.096,6.6391,-4.855,-5.361
-3.5308,10.2753,3.6609,1.3039,-9.7139
-3.4962,-3.8412,1.6484,-2.2734,-3.6307
-2.6813,9.7718,5.9385,0.1727,-7.3814
-7.1665,-7.7587,5.3836,0.5876,4.8701
1.0959,8.9279,4.9415,3.5492,-5.2213
-9.1038,9.3067,7.3992,-6.5536,-4.5323
-5.1572,-10.3621,7.416,2.6655,5.2011
-10.9099,8.3299,8.429,-3.5987,-6.7207
-5.8652,-6.7496,3.518,0.5749,-4.7712
-4.1751,11.6427,6.0434,3.8805,-5.7971
-8.4708,9.1062,6.5526,-5.6156,-5.9851
-10.5757,10.0785,5.1754,-5.6647,-5.6932
-9.4595,6.0692,6.3042,-7.0303,-6.1007
-4.2986,-4.8314,1.2519,-3.7057,-5.9446
-11.7885,8.6461,8.1118,-4.9798,-4.8959
-9.9085,10.1425,5.8459,-4.986,-3.4608
-8.9495,-9.7784,8.6171,3.452,4.9311
-5.874,-3.0341,2.6164,-0.69,-4.9273
-2.5582,5.9131,4.5062,0.0165,-5.8751
-6.9505,-3.5294,0.1341,-1.3493,-4.6638
-8.3803,-5.3763,1.5503,-3.3222,-6.5722
-0.2893,9.1303,3.348,4.2579,-6.0713
-5.9972,-3.0873,1.5155,-4.2662,-5.3175
-8.7789,-3.1948,-1.0875,-0.1269,-5.6194
-13.32,11.3136,7.1559,-7.5638,-7.9765
-6.782,10.7374,2.0303,1.4295,-8.5591
-4.8178,-9.8073,6.1247,1.2982,2.7315
-0.0003,9.6428,3.5824,1.8895,-6.0421
-4.049,9.2137,3.5897,3.7657,-9.1644
0.9272,6.9299,2.1718,3.507,-3.22
-0.4456,8.7892,4.8282,1.7136,-6.8563
-0.1398,8.23,4.0096,1.5505,-8.8963
-3.2257,9.7328,5.1404,3.5295,-7.6447
-9.2815,-10.0811,7.1686,-0.4425,3.8977
-4.5102,8.1122,5.1196,-0.4163,-6.2189
-8.8051,7.7427,6.1527,-6.9235,-4.3676
-8.6587,8.4452,4.8644,-6.6897,-6.6403
-1.8763,11.4349,5.3202,1.6069,-5.4335
-6.464,-6.7973,5.3603,-2.507,4.4372
-4.9505,9.0864,5.0295,0.6167,-5.9217
-6.1239,-5.5443,-0.8073,-1.2144,-2.5195
-10.6525,8.9654,5.4732,-3.1508,-7.6487
-5.7487,-7.055,8.386,2.5495,5.7667
-11.471,9.2067,5.8079,-10.1474,-3.284
-10.4943,9.0539,4.1896,-6.3419,-4.8686
-4.1106,8.8007,4.8203,2.7448,-5.8122
-8.9582,10.3085,9.7337,-7.4496,-5.6531
-7.4303,-9.426,5.9399,4.4454,3.678
-5.6942,-11.7935,8.6624,0.2055,5.2576
-7.389,-6.2215,0.2778,-2.03,-4.0057
-10.2831,8.7811,8.3797,-8.5578,-6.9463
-7.0345,9.7017,9.0966,-6.8528,-3.6364
-8.0257,10.2735,6.4546,-4.8834,-7.4238
-8.0232,-2.2233,0.7269,-1.8659,-4.2052
-1.5974,9.2942,3.9702,2.2643,-5.2692
-10.7948,10.7412,5.7015,-5.3735,-5.133
-1.497,7.3302,5.2135,2.2228,-6.141
-10.9779,10.2315,5.2708,-6.3793,-6.8061
-6.8705,-9.4929,7.1591,1.8898,3.6064
-8.316,7.5494,7.4773,-4.8148,-7.4087
-1.9155,9.7553,5.0309,1.1477,-7.8871
-2.1252,10.4883,7.1381,3.4947,-9.6409
-7.3094,10.1644,8.1947,-6.74,-5.0817
-2.549,9.1046,8.3347,1.6846,-6.4273
-3.1321,9.9635,8.0459,2.246,-6.5073
-8.2629,-10.3443,7.6344,2.1263,3.0788
-7.1088,-7.7762,8.7586,0.8433,2.1646
-11.3835,10.7387,7.9883,-3.0088,-6.978
-12.7842,10.5505,6.9719,-4.9908,-0.4741
-5.9388,-6.8395,-0.0311,-4.6886,-2.1209
-8.0618,-9.7696,7.0713,1.3142,1.1925
-6.7648,-9.1756,6.3485,2.2753,4.8244
-12.4082,12.2046,7.2333,-7.0557,-5.5616
-6.8798,-8.8523,6.8317,2.2551,5.3991
-0.7702,7.3927,5.5638,2.8628,-7.3439
-7.0783,-5.0882,-0.6444,-4.0177,-3.4681
-10.0149,11.7841,7.6672,-5.9587,-7.1426
-5.2928,-2.2564,1.7873,-0.9841,-4.5224
-3.1533,9.1977,5.4548,2.0465,-6.8187
-8.1114,-3.0334,1.4247,-4.2281,-4.0359
-5.0121,9.6131,5.6107,1.2484,-4.5186
-5.913,-5.3415,0.9729,-2.8486,-5.1247
-8.3806,-9.8549,8.0944,2.2917,4.6874
-5.7501,-8.2666,9.2582,3.0321,3.9538
-9.3027,10.072,5.8841,-5.7016,-10.096
-4.663,10.759,4.6552,0.5009,-6.1865
-11.2907,-7.8545,7.6156,1.9942,3.5787
-5.7582,-10.4474,7.6824,5.1334,2.7824
-10.8789,8.7778,9.4804,-4.9184,-8.3667
-3.6699,7.1473,1.9718,4.2172,-5.8981
-9.2958,8.2608,4.9529,-4.8192,-5.4192
-8.5652,9.5875,6.3151,-2.6829,-7.3759
-3.2406,8.3654,5.2316,1.3417,-6.445
-1.6165,7.787,7.7785,0.4641,-8.7009
-10.2126,7.7031,5.9738,-3.8675,-7.1665
-4.5732,-10.5221,5.9473,3.5488,4.5687
-5.7032,-8.8672,6.9292,2.056,4.9821
-5.5908,-8.1971,-0.7901,-3.0502,-4.5599
-3.2216,8.0343,7.2881,2.5806,-8.771
-3.3978,7.7183,4.7127,0.7267,-6.4739
-5.3313,-7.1483,5.6871,1.4061,2.5029
-7.9145,-3.7258,-0.9819,-2.5499,-4.8108
-5.8355,-7.4054,7.4561,4.2386,2.4489
-10.0997,10.0407,6.7646,-6.6439,-6.6119
-7.833,9.5996,6.7682,-4.9221,-7.6561
-10.0836,-4.1317,8.9076,2.3572,4.0791
-6.5379,-2.4785,0.8065,-0.8996,-5.8187
-8.5157,-6.7219,7.1756,2.0506,5.2238
-3.5579,-2.6505,2.2394,-2.2311,-5.91
-7.012,-6.6086,-0.0,-0.2619,-6.0868
-4.7237,12.8601,6.3767,-5.9127,-4.8701
-1.2761,11.8595,4.2718,0.8426,-8.2139
-9.8797,8.2645,8.2219,-3.2701,-7.0888
-0.0663,6.9441,2.0848,1.8898,-6.3035
-6.4535,-5.4278,-2.6337,-3.5692,-6.2362
-11.637,9.1747,7.403,-3.0587,-5.3044
-7.2769,-2.8172,0.1997,-2.058,-4.1089
-6.0112,-8.659,5.8639,3.8172,3.9237
-6.4235,-5.5028,-3.252,-1.0604,-3.2621
-8.3291,11.2255,8.2349,-4.4449,-6.8361
-3.995,8.1648,4.7894,1.218,-9.2056
-10.8362,8.4408,5.4258,-7.3526,-3.1763
-7.3587,-10.0324,8.9375,2.0543,7.0132
-2.6543,8.1969,5.2386,1.9167,-5.2247
-9.7041,10.037,7.2762,-8.4172,-4.7676
-7.8967,-5.8182,7.5283,1.4743,4.4385
-10.091,9.9117,8.9801,-4.4723,-5.7412
-8.5177,-9.419,8.3668,3.296,3.7205
-10.8306,6.3705,6.8664,-4.5635,-6.5466
-2.0552,7.8829,4.5437,2.4663,-6.3976
-10.0835,9.0807,5.7073,-6.1853,-4.2357
-7.3327,-5.0146,2.1392,-0.7231,-6.4928
-6.9317,-4.0871,0.8915,-1.5863,-6.0714
-5.6565,-7.5476,6.4489,1.7716,4.5853
-12.7792,9.2496,5.7446,-5.1048,-5.6584
-1.6444,9.4812,9.2582,3.6525,-7.0715
-7.6423,-9.06,6.6437,4.201,4.6516
-2.3379,9.2397,4.0945,1.8878,-6.4179
-3.3295,8.9652,3.8247,0.9039,-6.72
-7.0737,7.9799,4.9188,-4.0472,-5.8557
-4.3879,-8.807,7.6696,0.1321,3.2369
-11.9069,11.783,7.51,-3.6538,-8.3767
-8.4606,-10.44,8.749,4.5882,4.0048
-7.7948,-9.0394,7.3456,0.845,5.1339
-8.0945,-8.2022,6.6128,2.0006,4.9809
-4.6539,-8.3049,6.8539,2.0212,2.2858
-5.0544,-6.5564,8.821,1.3749,4.767
-7.0048,-11.0954,8.4636,2.146,1.9751
-5.0486,8.8668,3.157,0.3178,-6.6098
-6.2525,-6.7359,8.2992,-0.2323,5.7394
-2.0874,9.1706,4.546,0.8422,-7.3006
-2.4563,7.9647,4.9608,1.8047,-7.2111
-3.5486,7.9367,5.9823,1.5307,-5.008
-12.7694,8.4879,7.3354,-9.8745,-7.1131
-6.0676,-4.9154,0.792,-2.2723,-4.782
